"Model","R_squared","Adj_R_squared","AIC","BIC"
"Entertainment_Base",0.0165494172581143,0.016539923758783,351820.46600565,351849.110709726
"Entertainment_Full",0.629475090274311,0.629439319451905,250715.523207769,250830.102024074
"Entertainment_Interaction",0.629575664294274,0.629532750130205,250691.400188136,250825.075473825
"Catering_Base",0.0032440609898865,0.0032344390505572,352647.7780975,352676.422801576
"Catering_Full",0.467137881230975,0.467086438222106,287790.735591774,287905.314408079
"Catering_Interaction",0.467259086938232,0.467197368177486,287771.169247242,287904.844532931
